idNum,izvestaj,br,sifra_nabavke,narucilac,maticni_broj,firma,opis_predmeta,predmet,orn,vrsta_predmeta,cena_pdv,procenjena_cena,postupak,datum,broj_ponuda,br_nabavke,br_ugovora,link
1,MO 2013 Q3,22,111773,MO,7093608,EUMED,Хирушки конци партија 9,Друга добра,Медицински потрошни материјал,Dobra,"22,814,000 din.","26,600,000 din.",Pregovarački postupak bez objavljivanja javnog poziva,25.07.2013,7,669/13,,
2,MO 2013 Q3,34,109399,MO,7093608,"Marinković Hofmann"" do.o. Велика Моштаница",Уређаји за контролу и одржавање моторних возила,"техничка опрема за обављање делатности (уређаји, машине, апарати, механизација и сл.)",Опрема и помоћни производи за превоз,Dobra,"8,665,000 din.","14,440,000 din.",Otvoreni,13.08.2013.,1,43/13,,
3,MO 2013 Q3,51,129411,MO,7093608, PREMIUM SURGICAL COMPANY,"СнПС-медицински потрошни материјал за потребе ОП блока,партије 11,12,14,15 до 27",Друга добра,Медицински потрошни материјал,Dobra,"11,350,000 din.","13,760,000 din.",Pregovarački postupak bez objavljivanja javnog poziva,19.08.2013.,4,665/13,,
4,MO 2013 Q3,79,120700,MO,7093608,FRESENIUS MEDICAL CARE,"СнПС за хемодијализу партије 2,9,10,11,14,15,26 до30",Друга добра,Медицински потрошни материјал,Dobra,"11,945,000 din.","12,417,000 din.",Pregovarački postupak bez objavljivanja javnog poziva,03.09.2013.,6,678/13,6910-47,
5,MO 2013 Q3,83,115162,MO,7093608,"Предузеће за производњу,монтажу,ремонт и сервис лифтова и покретних степеница ""vVMPS"" doo",месечно одржавање 26 лифтова у току 2013 и 2014 године са дежурством у ван радно време и празником у објекту ВМА,услуге одржавања и поправке,Услуге одржавања лифтова,Usluge,"4,680,000 din.","4,680,000 din.",Otvoreni,08.09.2013.,1,661/13,,
6,MO 2013 Q3,90,161227,MO,7093608,НИС а.д.,Пратећа погонска средства,горива и мазива,"Гориво типа керозина за млазне авионе, Безоловни бензин, Дизел гориво (EN 590)",Dobra,"15,304,000 din.","23,608,000 din.",Otvoreni,11.09.2013.,7,14/13,,
7,MO 2013 Q3,110,148225,MO,7093608, БЕОЛЕК,Поправка видео дуоденоскопа производње Pentax typ ED-3485T,услуге одржавања и поправке,Услуге поправке и одржавања медицинске и прецизне опреме,Usluge,"657,000 din.","660,000 din.",Pregovarački postupak bez objavljivanja javnog poziva,18.09.2013.,1,7603,,
8,MO 2013 Q3,124,107509,MO,7093608,"ГП ""МОРАВА ИН"" доо","Адаптација простора на II етажи, ламела RR1 објекта ВМА за потребе смештаја ИЗОЛАТОРА",општи радови на зградама и у ниској градњи (без посебних спецификација),Радови на објектима или деловима објеката високоградње и нискоградње,Radovi,"5,935,000 din.","8,083,000 din.",Otvoreni,26.09.2013.,2,1/13,,
9,MO 2013 Q4,16,144233,MO,7093608,BEOLASER,"Апарат ултразвучни са комплетом сонди за преглед абдомена, бубрега, штитасте жлезде и крвних судова за потребе Клинике за нефрологију ВМА",друга добра,Разни медицински уређаји и производи,Dobra,"4,285,000 din.","5,000,000 din.",Otvoreni,03.10.2013.,2,35/13,,
10,MO 2013 Q4,17,,MO,7093608,Comes doo,репроматеријал штампарски: папир и картон,потрошни материјал,Обрађена хартија и картон,Dobra,"5,707,000 din.","5,170,000 din.",Otvoreni,08.10.2013.,1,2018,,
11,MO 2013 Q4,18,,MO,7093608,Comes doo,репроматеријал штампарски: папир и картон,потрошни материјал,Обрађена хартија и картон,Dobra,"4,692,000 din.","4,700,000 din.",Otvoreni,18.10.2013.,1,2018,,
12,MO 2013 Q4,21,147621,MO,7093608,Енерготок ДОО,Радови на ремонту и припреми термоенергетских постројењa,услуге одржавања и поправке,Грађевински радови,Radovi,"12,443,000 din.","15,000,000 din.",Otvoreni,08.10.2013.,2,5776,,
13,MO 2013 Q4,27,136200,MO,7093608,НИС а.д.,"Уље за ложење, средње С",горива и мазива,Лож уље,Dobra,"214,892,000 din.","208,285,000 din.",Otvoreni,14.10.2013.,1,71/2013,,
14,MO 2013 Q4,35,105761,MO,7093608,Clas comerc doo,део складишних артикала хране-пастеризовано поврће,"храна, намирнице","Храна, пиће, дуван и сродни производи",Dobra,"6,975,000 din.","9,100,000 din.",Otvoreni,24.10.2013.,4,60/13,,
15,MO 2013 Q4,37,,MO,7093608, Special coop doo,део складишних артикала хране-мед природни багремов,"храна, намирнице","Храна, пиће, дуван и сродни производи",Dobra,"4,768,000 din.","5,200,000 din.",Otvoreni,24.10.2013.,1,60/13,,
16,MO 2013 Q4,39,135238,MO,7093608,"Институт ""ИМС"" ад.","Утврђивање квалитета армирано-бетонске конструкције на објекту ""24"" у II МЗ Бежанијска Коса",архитектонске услуге,Процена ризика или опасности за грађевину,Usluge,"1,079,000 din.","1,833,000 din.",Otvoreni,24.10.2013.,1,5/2013,,
17,MO 2013 Q4,42,,MO,7093608,Wizard doo,део складишних артикала хране-стерилисано поврће,"храна, намирнице",,Dobra,"8,289,000 din.","9,325,000 din.",Otvoreni,25.10.2013.,1,60/13,,
18,MO 2013 Q4,45,,MO,7093608,ВЕТЕРИНАРСКИ ЗАВОД СУБОТИЦА А.Д.,Храна за лабораторијске животиње,друга добра,,Dobra,"3,523,000 din.","3,697,000 din.",Otvoreni,28.10.2013.,1,60/13,,
19,MO 2013 Q4,46,,MO,7093608,ПКБ велепродаја продукт,део складишних артикала хране-пасуљ у зрну,"храна, намирнице","Храна, пиће, дуван и сродни производи",Dobra,"10,080,000 din.","10,240,000 din.",Otvoreni,01.11.2013,2,60/30,,
20,MO 2013 Q4,56,,MO,7093608,НИС а.д.,Погонска горива,горива и мазива,,Dobra,"194,515,000 din.","204,825,000 din.",Otvoreni,12.11.2013.,1,77/13,,
21,MO 2013 Q4,57,,MO,7093608,НИС а.д.,Погонска горива,горива и мазива,,Dobra,"57,625,000 din.","5,904,000 din.",Otvoreni,14.11.2013.,1,77/13,,
22,MO 2014 Q1,16,,MO,7093608,Т.П. ''Месокомбинат-промет'' д.о.о,Јунеће и свињско месо,"храна, намирнице",,Dobra,"138,300,000 din.","159,000,000 din.",Otvoreni,15.1.2014.,4,1/2014,,
23,MO 2014 Q1,18,,MO,7093608,СЗТР ''Ђурђевић'',"производи од јунећег, свињског меса","храна, намирнице",,Dobra,"83,530,000 din.","107,365,000 din.",Otvoreni,15.1.2014.,3,2/2014,,
24,MO 2014 Q1,22,,MO,7093608,Paxel ДОО,месне конзерве,"храна, намирнице",,Dobra,"52,250,000 din.","66,600,000 din.",Otvoreni,17.1.2014.,2,2/2014,,
25,MO 2014 Q1,25,,MO,7093608,ЕПС СНАБДЕВАЊЕ,Електрична енергија,,,Dobra,"39,354,000 din.","39,354,000 din.",Otvoreni,27.1.2014.,1,50-4,,
26,MO 2014 Q1,27,,MO,7093608,Одржавање и услуге ДОО,Набавка услуге припремања и допремања оброка готове хране,добра у области енергетике,,Usluge,"16,665,000 din.","15,204,000 din.",Otvoreni,28.1.2014.,1,50-6,,
27,MO 2014 Q1,32,,MO,7093608,AVE PHARMACEUTICAL,Свеже млеко и млечни производи,"храна, намирнице",,Dobra,"63,625,000 din.","68,270,000 din.",Otvoreni,31.1.2014.,1,131,,
28,MO 2014 Q1,37,,MO,7093608,ЕПС СНАБДЕВАЊЕ,Електрична енергија,добра у области енергетике,,Dobra,"28,000,000 din.","35,000,000 din.",Otvoreni,5.2.2014.,1,26-364,,
29,MO 2014 Q1,40,,MO,7093608,НИС а.д.,Лож уље - уље за ложење средње С,горива и мазива,,Dobra,"683,556,000 din.","832,000,000 din.",Otvoreni,07.02.2014.,1,7/2014,,
30,MO 2014 Q1,45,,MO,7093608,НИС а.д.,Лож уље - Гасно уље екстра лако евро ЕЛ,горива и мазива,,Dobra,"434,010,000 din.","506,900,000 din.",Otvoreni,11.2.2014.,1,8/2014,,
31,MO 2014 Q1,51,,MO,7093608,FRESHLINE,Свеже воће и поврће,"храна, намирнице",,Dobra,"121,882,000 din.","121,384,000 din.",Otvoreni,14.02.2014.,2,129,,
32,MO 2014 Q1,58,,MO,7093608,ЕПС СНАБДЕВАЊЕ,Електрична енергија,добра у области енергетике,,Dobra,"35,833,000 din.","35,833,000 din.",Otvoreni,25.2.2014.,1,1,,
33,MO 2014 Q1,60,,MO,7093608,ЕПС СНАБДЕВАЊЕ Д.О.О.,Електрична енергија,добра у области енергетике,,Dobra,"90,417,000 din.","90,417,000 din.",Otvoreni,25.2.2014.,1,82,,
34,MO 2014 Q1,61,,MO,7093608,НИС а.д.,погонско гориво (гасно уље евродизел),горива и мазива,,Dobra,"435,015,000 din.","427,100,000 din.",Otvoreni,26.02.2014.,1,5/2014,127-67-140-13,
35,MO 2014 Q1,62,,MO,7093608,НИС а.д.,погонско гориво (безоловни моторни бензин),горива и мазива,,Dobra,"142,038,000 din.","146,875,000 din.",Otvoreni,26.2.2014.,1,5/2014,163-15-220-13 (163-49),http://portal.ujn.gov.rs/Dokumenti/JavnaNabavka.aspx?idd=105761
36,MO 2014 Q1,64,,MO,7093608,НИС а.д.,погонско гориво (млазно гориво),горива и мазива,,Dobra,"276,000,000 din.","287,500,000 din.",Otvoreni,27.2.2014.,1,5/2014,320-41-1-14,
37,MO 2014 Q1,66,,MO,7093608,ЕПС СНАБДЕВАЊЕ,Електрична енергија,добра у области енергетике,,Dobra,"50,000,000 din.","50,000,000 din.",Otvoreni,28.2.2014.,1,402-1,,
38,MO 2014 Q2,11,,MO,7093608,Good will-wg,Ugalj mrki separisani,горива и мазива,,Dobra,"75,149,000 din.","114,456,000 din.",Otvoreni,3.4.2014.,10,0006/2014,,
39,MO 2014 Q2,16,,MO,7093608,Special Coop doo,Sir topljeni,"храна, намирнице",,Dobra,"34,923,000 din.","51,040,000 din.",Otvoreni,9.4.2014.,2,3/2014,,
40,MO 2014 Q2,29,,MO,7093608,КРИП ИНЖЕЊЕРИНГ,"Izvođenje prethodnih radova i izrada TD za izgradnju objekta Komande centra za obuku jedinica za multinacionalne operacije u bazi ""Jug"" vk. ""Cepotina"" sa pratećom infrastrukturom",архитектонске услуге,,Usluge,"249,000 din.","1,250,000 din.",Otvoreni,16.4.2014.,4,1/14,,
41,MO 2014 Q2,30,,MO,7093608,VIVA-TEX,Unforma M-93,друга добра,,Dobra,"21,958,000 din.","27,118,000 din.",Otvoreni,,3,11/14,,
42,MO 2014 Q2,32,,MO,7093608,ДОН ДОН,Zamrznuti bureci i pite,"храна, намирнице",,Dobra,"22,436,000 din.","32,420,000 din.",Otvoreni,22.4.2014.,5,14/2014,,
43,MO 2014 Q2,33,,MO,7093608,ИМ ТОПОЛА,Gotova jela,"храна, намирнице",,Dobra,"24,520,000 din.","25,450,000 din.",Otvoreni,22.4.2014,2,15/2014,,
44,MO 2014 Q2,44,,MO,7093608,SELEKTA,Hleb i pecivo za sendviče,"храна, намирнице",,Dobra,"21,206,000 din.","40,130,000 din.",Otvoreni,29.4.2014.,1,15217,,
45,MO 2014 Q2,61,,MO,7093608,AMIGO TRADE,Zamrznuta morska riba,"храна, намирнице",,Dobra,"26,820,000 din.","36,700,000 din.",Otvoreni,6.5.2014.,5,20/2014,,
46,MO 2014 Q2,62,,MO,7093608,BOOKMARK,Riblje konzerve,"храна, намирнице",,Dobra,"19,950,000 din.","25,050,000 din.",Otvoreni,6.5.2014.,5,20/2014,,
47,MO 2014 Q2,63,,MO,7093608,БОМИНГ,"Popravka krova iznad mezanina u objektu KN-9 zgrada ""5"", Nemanjina 15",постављање кровних конструкција и кровни радови,,Radovi,"2,734,000 din.","3,333,000 din.",Otvoreni,7.5.2014.,2,3/14,,
48,MO 2014 Q2,66,,MO,7093608,Паланка промет д.о.о,"Pileće meso, zamrznuto","храна, намирнице",,Dobra,"53,125,000 din.","55,475,000 din.",Otvoreni,16.5.2014.,1,26/2014,,
49,MO 2014 Q2,68,,MO,7093608,Д.О.О.ВУКОВИЋ 1967,Električna energija,услуге у области енергетике,,Usluge,"286,250,000 din.","286,250,000 din.",Otvoreni,21.5.2014.,2,38/14,,
50,MO 2014 Q2,72,,MO,7093608,ГРАДСКИ ЗАВОД ЗА ВЕШТАЧЕЊЕ,Tehnički pregled objekta br. 29 na lokaciji II MZ Bežanijska kosa,архитектонске услуге,,Usluge,"217,000 din.","708,000 din.",Otvoreni,30.5.2014.,3,4/14,,
51,MO 2014 Q2,84,,MO,7093608,НЕКТАР,"Sok voćni nektar (jabuka, breskva)","храна, намирнице",,Dobra,"28,000,000 din.","34,000,000 din.",Pregovarački postupak sa objavljivanjem poziva za podnošenje ponuda,4.6.2014.,2,19/2014,,
52,MO 2014 Q2,85,,MO,7093608,"Група понуђача: ""ВИЗАНТИЈА ТРЕНД"", ""БС ПРОЈЕКТ 2009"", ""ТЕХНИЧКА ШКОЛА","Izvođenje građevinsko-zanatskih i instalaterskih radova na uređenju stanova u Subotici (Somboru, N. Sadu, Nakovu, Užicu, V. Plani, Raškoj)",опште грађевински радови,,Radovi,"932,000 din.","1,500,000 din.",Otvoreni,4.6.2014.,3,2/14,,
53,MO 2014 Q2,86,,MO,7093608,"Група понуђача: ""ВИЗАНТИЈА ТРЕНД"", ""БС ПРОЈЕКТ 2009"", ""ТЕХНИЧКА ШКОЛА""","Izvođenje građevinsko-zanatskih i instalaterskih radova na uređenju stanova u Novom Sadu (Somboru, Subotici, Nakovu, Užicu, V. Plani, Raškoj)",опште грађевински радови,,Radovi,"983,000 din.","1,500,000 din.",Otvoreni,4.6.2014.,3,2/14,6877-43,
54,MO 2014 Q2,87,,MO,7093608,"Група понуђача: ""ПРИМАТ М"", ""ТАТОВИЋ"", СЗР ""ЗАНАТ СЕРВИСА""","Izvođenje građevinsko-zanatskih i instalaterskih radova na uređenju stanova u Somboru (Subotici,Novom Sadu, Nakovu, Užicu, Velikoj Plani, Raškoj)",опште грађевински радови,,Radovi,"1,728,000 din.","2,333,000 din.",Otvoreni,5.6.2014,4,2/14,,
55,MO 2014 Q2,88,,MO,7093608,"Група понуђача: ""ПРИМАТ М"", ""ТАТОВИЋ"", СЗР ""ЗАНАТ СЕРВИС""","Izvođenje građevinsko-zanatskih i instalaterskih radova na uređenju stanova u V. Plani, (Somboru, Subotici, N.Sadu, Nakovu, Užicu, Raškoj)",опште грађевински радови,,Radovi,"935,000 din.","1,250,000 din.",Otvoreni,5.6.2014.,6,2/14,,
56,MO 2014 Q2,89,,MO,7093608,"Група понуђача: ЈП ""СТАН"", "" 24.СЕПТЕМБАР""","Izvođenje građevinsko-zanatskih i instalaterskih radova na uređenju stanova u Užicu, (Somboru, Subotici, N.Sadu, Nakovu, V. Plani, Raškoj)",опште грађевински радови,,Radovi,"3,918,000 din.","4,317,000 din.",Otvoreni,5.6.2014.,6,2/14,,
57,MO 2014 Q2,93,,MO,7093608,АБ&CO GEOSYSTEMS,"Geodetsko snimanje objekta ""29"" II MZ Bežanijska kosa",архитектонске услуге,,Usluge,"45,000 din.","75,000 din.",Otvoreni,11.6.2014.,2,7/14,,
58,MO 2014 Q2,102,,MO,7093608,МАКСИМ ГРАДЊА д.о.о,"Beograd, VMA - Zamena spuštenog plafona i rasvete u holu (specijalistička poliklinika)",друге специјализоване делатности повезане са грађевинским радовима,,Radovi,"7,197,000 din.","9,167,000 din.",Otvoreni,13.6.2014,2,70/14,,
59,MO 2014 Q2,103,,MO,7093608,Amphora д.о.о.,Kancelarijski i birotehnički potrošni materijal,потрошни материјал,,Dobra,"3,815,000 din.","6,850,000 din.",Otvoreni,6/14/2014,1,5-10,,
60,MO 2014 Q2,105,,MO,7093608,"Група понуђача: ""ПРИМАТ М"", ""ТАТОВИЋ"", СЗР ""ЗАНАТ СЕРВИС""","Izvođenje građevinsko-zanatskih i instalaterskih radova na uređenju stanova u Raškoj, (Somboru, Subotici, N.Sadu,Nakovu, Užicu, V.Plani)",опште грађевински радови,,Radovi,"847,000 din.","667,000 din.",Otvoreni,16.6.2014.,5,2/14,,
61,MO 2014 Q2,106,,MO,7093608,ГЕОПУТ,"Izrada PDR za radarski položaj ""Veliki Strešer""-geodetsko snimanje, pribavljanje tehničkih uslova za izgradnju primarne infrastrukture i izrada urbanističke dokumentacije",архитектонске услуге,,Usluge,"140,000 din.","254,000 din.",Otvoreni,17.6.2014.,9,6/14,,
62,MO 2014 Q2,110,,MO,7093608,Јумбо Травел,Usluge avio-prevoza i Usluge hotelskog smeštaja u inostranstvu,услуге ваздушног превоза путника и робе (осим превоза поште),,Usluge,"604,000 din.","58,500,000 din.",Kvalifikacioni postupak,20.6.2014.,3,3/2014,,
63,MO 2014 Q2,111,,MO,7093608,Јумбо Травел,Usluge avio-prevoza i Usluge hotelskog smeštaja u inostranstvu,услуге ваздушног превоза путника и робе (осим превоза поште),,Usluge,"95,000 din.","58,500,000 din.",Kvalifikacioni postupak,20.6.2014.,3,6/2014,,
64,MO 2014 Q2,112,,MO,7093608,КРИП ИНЖЕЊЕРИНГ,"Beograd, VTI Žarkovo-IzradaTD za klimatizaciju laboratorije za ispitivanje tekstila, kože i obuće",архитектонске услуге,,Usluge,"120,000 din.","208,000 din.",Otvoreni,23.6.2014.,3,8/14,,
65,MO 2014 Q2,121,,MO,7093608,Јумбо Травел,Usluge avio-prevoza i Usluge hotelskog smeštaja u inostranstvu,услуге ваздушног превоза путника и робе (осим превоза поште),,Usluge,"32,000 din.","58,500,000 din.",Kvalifikacioni postupak,26.6.2014,3,12/2014,,
66,MO 2014 Q3,7,,MO,7093608,BEOHEM-3,"Lekovi za opštu antiinfekcijsku sistemsku primenu, imunoglobulini, antineoplastici imunomodulatori partije 46 i 51",потрошни материјал,,Dobra,"22,860,000 din.","22,984,000 din.",Otvoreni,1.7.2014,1,51/14,,
67,MO 2014 Q3,13,,MO,7093608,ADOC,"Lekovi za opštu antiinfekcijsku sistemsku primenu, imunoglobulini, antineoplastici imunomodulatori partije: 52,54,73 i 74",потрошни материјал,,Dobra,"36,068,000 din.","39,675,000 din.",Otvoreni,2.7.2014.,1,,,
68,MO 2014 Q3,21,,MO,7093608,FARMALOGIST,"Lekovi za opštu antiinfekcijsku sistemsku primenu, imunoglobulini, antineoplastici imunomodulatori partije 6,7,14,20,21,23,26,27,28,29,35,37,38,41,45 i 53,",потрошни материјал,,Dobra,"28,758,000 din.","35,711,000 din.",Otvoreni,4.7.20141,3,51/14,,
69,MO 2014 Q3,24,,MO,7093608,Индустроградња ОЗЗ Београд,"Zidarski, stolarski, molerski i radovi na krovu objekata za potrebe VP 5302 Požarevac",опште грађевински радови,,Radovi,"1,349,000 din.","1,842,000 din.",Otvoreni,8.7.2014.,3,164,,
70,MO 2014 Q3,32,,MO,7093608,Техномонт Сврљиг,"Radovi na vodovodu, kanalizaciji, instalacijama centralnog grejanja i električnim instalacijama za potrebe VP 5302 Požarevac",опште грађевински радови,,Radovi,"549,000 din.","1,583,000 din.",Otvoreni,15.7.2014.,1,195,,
71,MO 2014 Q3,33,,MO,7093608,BMA TRADING,"papir toaletni u rolni, papir ubrusni u rolni, salveta papirna, složivi papirni ubrusi za dozatore i složivi toalet papir za dozatore",потрошни материјал,,Dobra,"26,035,000 din.","35,310,000 din.",Otvoreni,15.7.2014.,2,23/2014,,
72,MO 2014 Q3,57,,MO,7093608,ДЕМЕТРА РБ ДОО,Usluge sadnje i održavanja zelenih površina,друге услуге,,Usluge,"4,566,000 din.","8,417,000 din.",Otvoreni,21.7.2014.,4,32/14,,
73,MO 2014 Q3,62,,MO,7093608,НИС а.д.,Gasno ulje-Evro dizel klase A,горива и мазива,,Dobra,"134,968,000 din.","141,400,000 din.",Otvoreni,23.7.2014.,1,35/2014,,
74,MO 2014 Q3,63,,MO,7093608,НИС а.д.,Evro premijum BMB 95,горива и мазива,,Dobra,"27,056,000 din.","28,200,000 din.",Otvoreni,23.7.2014.,1,35/2014,,
75,MO 2014 Q3,70,,MO,7093608,Хидроенерго пројект ДОО,Usluge sadnje i održavanja zelenih površina,друге услуге,,Usluge,"824,000 din.","8,417,000 din.",Otvoreni,24.7.2014.,4,32/14,,
76,MO 2014 Q3,72,,MO,7093608,НИС а.д.,Mlazno gorivo JET A1,горива и мазива,,Dobra,"56,762,000 din.","59,896,000 din.",Otvoreni,24.7.2014,1,35/2014,,
77,MO 2014 Q3,89,,MO,7093608,ГРАППА д.о.о.,Servis rashladnog postrojenja partija 1,услуге одржавања и поправке,,Usluge,"2,283,000 din.","2,333,000 din.",Otvoreni,28.7.2014.,1,89/14,,
78,MO 2014 Q3,91,,MO,7093608,CLAS COMERC,"Cvekla, krastavci, paprika","храна, намирнице",,Dobra,"20,050,000 din.","24,300,000 din.",Otvoreni,28.7.2014.,2,47/2014,,
79,MO 2014 Q3,95,,MO,7093608,ДИМЊИЧАР а.д,"Mehaničko i hemijsko čišđenje kotlova i dimnjaka kotlarnica, opreme u objektu VMA, servis split sistema i zamena cevovoda partija 2",услуге одржавања и поправке,,Usluge,"2,939,000 din.","2,942,000 din.",Otvoreni,30.7.2014.,1,89/14,,
80,MO 2014 Q3,113,,MO,7093608,ВМПС,"Održavanje, servisiranje, tehnički pregled i prilagođavanje liftova novim tehničkim propisima i pokretnih stepenica partija 4 (isporuka i ugradnja svetlosnih zavesa i dig pokaz.spratnosti )",услуге одржавања и поправке,,Usluge,"902,000 din.","1,000,000 din.",Otvoreni,7.8.2014.,1,127/14,,
81,MO 2014 Q3,115,,MO,7093608,GEPARD,"Cipele vojničke, čizme vojničke", радна и заштитна одећа и опрема,,Dobra,"38,861,000 din.","38,866,000 din.",Otvoreni,7.8.2014.,1,41/2014,,
82,MO 2014 Q3,119,,MO,7093608,ВМПС д. о. о.,Usluga redovnog mesečnog održavanja liftova u objektu VMA (26liftova) u toku 2014/2015.g sa dežurstvom van radnog vremena i praznikom partija 1,услуге одржавања и поправке,,Usluge,"5,000,000 din.","5,000,000 din.",Otvoreni,11.8.2014.,1,127/14,,
83,MO 2014 Q3,129,,MO,7093608,"ГП ""МОРАВА ин"" д.о.о","Beograd, VMA- Dodatni radovi na adaptaciji prostora za smeštaj izolatora u Sektoru za farmaciju",опште грађевински радови,,Radovi,"329,000 din.","329,000 din.",Pregovarački postupak sa objavljivanjem poziva za podnošenje ponuda,19.8.2014.,1,13/14,,
84,MO 2014 Q3,135,,MO,7093608,THYSSEN KRUPP ELEVATORI,Usluga redovnog mesečnog održavanja 8 krakova pokretnih stepenica u objektu VMA za 2014/2015g i godišnji servis 8 krakova pokretnih stepenica u objektu VMA za 2014/2015g partija 2,услуге одржавања и поправке,,Usluge,"1,000,000 din.","1,000,000 din.",Otvoreni,19.8.2014.,1,127/14,,
85,MO 2014 Q3,161,,MO,7093608,"СЗР ""ТОНИНГ""","Investiciono održavanje (stanova, garaža, adaptiranih poslovnih prostora i uređenje deložiranih stanova) u nadležnosti O2/VGC ""Beograd""",опште грађевински радови,,Radovi,"2,960,000 din.","4,083,000 din.",Otvoreni,2.9.2014.,7,14/14,,
86,MO 2014 Q3,166,,MO,7093608,FARMALOGIST,"Lekovi za humanu upotrebu p1,2,3,5,6,10,18,21,27,28,31,32,33,40,41,42,43,44,45,46,53,54,58,59,63,64,66,69,70,71,73,74,76,77,78,82,85,94,96,97,99,103,106,107,109,111,120,121,122,124,125,126,133,135,150,153,154,163,169,170,171,174,184,185,186,187,195",потрошни материјал,,Dobra,"38,491,000 din.","48,192,000 din.",Otvoreni,5.9.2014.,3,57/14,,
87,MO 2014 Q3,194,,MO,7093608,ОНИКС ДОО,"popravka zidnih keramičkih obloga, zamena fiksne krovne svetlosne kupole i popravka betonskih zidova i staza",опште грађевински радови,,Radovi,"560,000 din.","700,000 din.",Otvoreni,12.9.2014.,1,55/14,,
88,MO 2014 Q3,205,,MO,7093608,"Институт за превентиву, заштитут на раду, противпожарну заштиту и развој ДОО",Ispitivanje instalacija i uređaja u protiveksplozivnoj EKS zaštiti,опште грађевински радови,,Radovi,"718,000 din.","1,100,000 din.",Otvoreni,16.9.2014.,1,55/14,7008-75,
89,MO 2014 Q3,215,,MO,7093608,"Ти-Кар трговине, Николе Пашића 213",Nalivanje gume na potporne točkove borbenih vozila,друге услуге,,Usluge,"2,213,000 din.","2,236,000 din.",Otvoreni,19.9.2014.,1,ЈНОП 7-3/14,74-77-203-13,
90,MO 2014 Q3,228,,MO,7093608,СЦП д. о о.,"Usluga remonta pumpi za vodu i grejanje u objektu VMA u toku 2014/2015.g"" partija 1",услуге одржавања и поправке,,Usluge,"833,000 din.","833,000 din.",Otvoreni,29.9.2014.,4,197/14,5776-24,
91,MO 2014 Q3,229,,MO,7093608, МИКРОМОТОР д.о.о.,"Услуга поправке електромотора у обејкту ВМА у току 2014/2015.г"" партија 2",услуге одржавања и поправке,,Usluge,"583,000 din.","583,000 din.",Otvoreni,29.9.2014.,2,197/14,5776-24,
92,MO 2014 Q4,3,,MO,7093608,КОТЛОВИ д.о.о. Петроварадин,Usluge popravke i održavanja centralnog grejanja, услуге одржавања и поправке,,Usluge,"3,873,000 din.","3,875,000 din.",Otvoreni,1.10.2014.,1,25-78,,
93,MO 2014 Q4,91,,MO,7093608,"Омладинска задруга ""Чачак""",Tehnička podrška na mašinama,друге услуге,,Usluge,"1,906,000 din.","1,910,000 din.",Otvoreni,20.10.2014.,1,252,,
94,MO 2014 Q4,93,,MO,7093608,Beteco,Košulje od ''platno'' tkanine,радна и заштитна одећа и опрема,,Dobra,"38,204,000 din.","39,279,000 din.",Otvoreni,21.10.2014.,5,22/2014,,
95,MO 2014 Q4,113,,MO,7093608,DEWACO,Tegljač sa sedlom i poluprikolicom,превозна средства,,Dobra,"107,355,000 din.","108,333,000 din.",Otvoreni,23.10.2014.,1,44/2014,,
96,MO 2014 Q4,125,,MO,7093608,Zora super sport,"Tekstilni proizvodi za domaćinstvo: čaršavi, navlake, vreće za prenos rublja",друга добра,,Dobra,"16,304,000 din.","20,880,000 din.",Otvoreni,27.10.2014.,6,42/2014,,
97,MO 2014 Q4,130,,MO,7093608,Royaltours,Obezbeđenje avio karata i hotelskog smeštaja za službena putovanja u inostranstvo,услуге ваздушног превоза путника и робе (осим превоза поште),,Usluge,"89,657,000 din.","89,657,000 din.",Otvoreni,28.10.2014.,7,106/2014,,
98,MO 2014 Q4,131,,MO,7093608,Sky Multicom,Obezbeđenje avio karata i hotelskog smeštaja za službena putovanja u inostranstvo,услуге ваздушног превоза путника и робе (осим превоза поште),,Usluge,"89,657,000 din.","89,657,000 din.",Otvoreni,28.10.2014.,7,106/2014,,
99,MO 2014 Q4,132,,MO,7093608,BT Pegrotour,Obezbeđenje avio karata i hotelskog smeštaja za službena putovanja u inostranstvo,услуге ваздушног превоза путника и робе (осим превоза поште),,Usluge,"89,657,000 din.","89,657,000 din.",Otvoreni,28.10.2014.,7,106/2014,,
100,MO 2014 Q4,133,,MO,7093608,Јумбо Травел,Obezbeđenje avio karata i hotelskog smeštaja za službena putovanja u inostranstvo,услуге ваздушног превоза путника и робе (осим превоза поште),,Usluge,"89,657,000 din.","89,657,000 din.",Otvoreni,28.10.2014.,7,106/2014,,
101,MO 2014 Q4,160,,MO,7093608,Рашка комерц,Ostale usluge i amterijali za tekuće opravke i održavanje zgrada za potrebe OJ MO i VS oslonjenih po šemi LoP-a VP 5007 Vranje,услуге одржавања и поправке,,Usluge,"3,034,000 din.","1,542,000 din.",Otvoreni,3.11.2014.,3,37-82,,
102,MO 2014 Q4,164,,MO,7093608,CITI,Izrada i ugradnja uređaja za aktiviranje na Opitnoj stanici,услуге истраживања и развоја ,,Usluge,"22,998,000 din.","22,998,000 din.",Otvoreni,5.11.2014.,2,77/14,,
103,MO 2014 Q4,166,,MO,7093608,Фимас,"Ugostiteljska oprema i aparati za domaćinstvo: frižideri, zamrzivači",друга добра,,Usluge,"2,135,000 din.","2,181,000 din.",Otvoreni,5.11.2014.,3,84/2014,,
104,MO 2014 Q4,181,,MO,7093608,НИС а.д.,Pogonska goriva: Gasno ulje Evro dizel klase D,горива и мазива,,Dobra,"288,060,000 din.","303,496,000 din.",Otvoreni,10.11.2014.,1,98/2014,,
105,MO 2014 Q4,182,,MO,7093608,НИС а.д.,Pogonska goriva: Evro premijum BMB-95,горива и мазива,,Dobra,"13,699,000 din.","14,838,000 din.",Otvoreni,10.11.2014.,1,98/2014,,
106,MO 2014 Q4,186,,MO,7093608,НИС а.д.,Pogonska goriva: Mlazno gorivo JET A-1,горива и мазива,,Dobra,"92,608,000 din.","95,833,000 din.",Otvoreni,12.11.2014.,1,98/2014,,
107,MO 2014 Q4,265,,MO,7093608,INTERAUTO-TRADE,Putnički automobili: Opel (M1 putničko) VIVARO COMBI A20DTH, превозна средства,,Dobra,"14,353,000 din.","15,000,000 din.",Otvoreni,25.11.2014.,2,78/2014,,
108,MO 2014 Q4,284,,MO,7093608,Енергоразвој,Popravka stabilnog PP sistema,друге услуге,,Usluge,"1,624,000 din.","1,667,000 din.",Otvoreni,25.11.2014.,1,393,,
109,MO 2014 Q4,287,,MO,7093608,BRAMY,Krojačka usluga konfekcioniranje službene i svečane uniforme i košulja,друге услуге,,Usluge,"44,770,000 din.","46,080,000 din.",Otvoreni,26.11.2014.,2,12/2014,,
110,MO 2014 Q4,312,,MO,7093608,Gdi GIS-DATA,Specijalizovani licencni softveri za OJ MO i VS: Softveri razni,рачунарска опрема (хардверска и софтверска),,Dobra,"19,192,000 din.","19,200,000 din.",Pregovarački postupak sa objavljivanjem poziva za podnošenje ponuda,28.11.2014.,1,4873,,
111,MO 2014 Q4,327,,MO,7093608,Привредно друштво DECO доо,"Beograd - VMA- Popravka sanitarnih prostorija sa zamenom dotrajalih instalacija (vodovod, kanalizacija, sanitarni uređaji, elektro instalacije, zidovi, podne i zidne obloge, plafoni)",опште грађевински радови,,Radovi,"10,911,000 din.","12,500,000 din.",Otvoreni,3.12.2014.,6,80/14,,
112,MO 2014 Q4,343,,MO,7093608,NIKOM-AUTO,Putnički automobili: FIAT 500L LIVING 1.4 POP STAR,превозна средства,,Dobra,"19,170,000 din.","19,583,000 din.",Otvoreni,9.12.2014.,3,38/2014,,
113,MO 2014 Q4,366,,MO,7093608,НИС а.д.,"Ulje za loženje, srednje S",горива и мазива,,Dobra,"106,748,000 din.","149,059,000 din.",Otvoreni,29.12.2014.,1,110/2014,,
114,MUP 2013 Q2,2,,MUP,7008104,Neimar DOO,"Izgradnja druge faze VD u Lazarevcu, sredstvima iz donacije",опште грађевински радови,,Usluge,"5,984,000 din.","6,667,000 din.",Otvoreni ,20/ jun 2013,11,ГЗР-187/12,,
115,MUP 2013 Q3,1,,MUP,7008104,Conning DOO,Partija 1 Letnji pneumatici preko 14 cola za putnički program vozila,добра у области саобраћаја,,Dobra,"6,214,000 din.","7,500,000 din.",Otvoreni,18/ jul 2013,4,91,,
116,MUP 2013 Q3,2,,MUP,7008104,Conning DOO,Partija 2 Letnji pneumatici do 14 cola za putnički program vozila,добра у области саобраћаја,,Dobra,"7,259,000 din.","8,500,000 din.",Otvoreni,18/ jul 2013,4,92,,
117,MUP 2013 Q3,3,,MUP,7008104,Conning DOO,Partija 3 Letnji pneumatici za terenski program vozila,добра у области саобраћаја,,Dobra,"7,601,000 din.","9,000,000 din.",Otvoreni,18/ jul 2013,4,93,,
118,MUP 2013 Q3,4,,MUP,7008104,Conning DOO,Partija 4 vodeći i pogonski pneumatici za terenski program vozila,добра у области саобраћаја,,Dobra,"7,372,000 din.","8,500,000 din.",Otvoreni,18/ jul 2013,4,94,,
119,MUP 2013 Q3,5,,MUP,7008104,Conning DOO,Partija 5 Letnji pneumatici 16 cola za terenski program vozila,добра у области саобраћаја,,Dobra,"1,861,000 din.","2,000,000 din.",Otvoreni,18/ jul 2013,4,88,,
120,MUP 2013 Q3,6,,MUP,7008104,Conning DOO,Partija 6 Militari pneumatici za teretni program vozila,добра у области саобраћаја,,Dobra,"4,297,000 din.","4,500,000 din.",Otvoreni,18/ jul 2013,4,89,,
121,MUP 2013 Q3,7,,MUP,7008104,NIS AD,Nabavka goriva na internim pumpama,горива и мазива,,Dobra,"338,940,000 din.","340,000,000 din.",Otvoreni,23/ avgust 2013,2,116,,
122,MUP 2013 Q3,8,,MUP,7008104,NIS AD,Nabavka goriva u maloprodajnim objektima,горива и мазива,,Dobra,"6,214,000 din.","7,500,000 din.",Otvoreni,26/ avgust 2013,2,117,,
123,MUP 2013 Q3,9,,MUP,7008104,BIT IMPEX DOO,Nabavka usluge održavanja NEXT BIZ aplikativnog softveraza finansijsko računovodstvo za 2013 godinu,услуге одржавања и поправке,,Usluge,"5,196,000 din.","5,200,000 din.",Otvoreni,9/ septembar 2013,1,125,7189-12,
124,MUP 2013 Q3,10,,MUP,7008104,Trayal Hem DOO,Zaštitna oprema za javni red – zaštitn maske,радна и заштитна одећа и опрема,,Dobra,"5,034,000 din.","6,000,000 din.",Otvoreni,17/ septembar 2013,3,127,46-67-167-13,
125,MUP 2013 Q4,3,,MUP,7008104,INEKS-MORAVA DOO,Ugalj-partija 4,горива и мазива,,Dobra,"5,788,000 din.","6,600,000 din.",Otvoreni,30/ novembar 2013,3,180,7603-13,
126,MUP 2013 Q4,19,,MUP,7008104,NETSET DOO,Nabavk usluge održavanja sertifikacionog sistema,услуге одржавања и поправке,,Usluge,"10,987,000 din.","11,000,000 din.",Pregovarački postupak čl.35.1.2,31/ decembar 2013,1,202,3734-144/12,
127,MUP 2013 Q4 ,1,,MUP,7008104,Serbia Business System,Nabavka usluge migracije postojećeg informacionog sistema MUP,рачунарске и друге везане услуге,,Usluge,"5,750,000 din.","5,800,000 din.",Otvoreni,27/ novembar 2013,6,179,190-41-207-13,
128,MUP 2013 Q4 ,2,,MUP,7008104,Proizvodnja Mile Dragić DOO,"Delovi zaštitne opreme ze potrebe pripadnika MUP-a. Partija1-štitovi, šlemovi, laki prsluci,štitnici za laktove i kolena.",радна и заштитна одећа и опрема,,Dobra,"24,404,000 din.","25,000,000 din.",Pregovarački postupak čl.35.1.2,29/ novembar 2013,3,176,163-15-220-13 (163-49),
129,MUP 2013 Q4 ,5,,MUP,7008104,DEMOS DOO,Usnici -Partija 1- usnici za etilometar ''Alcokount'',Друга добра,,Dobra,"3,200,000 din.","3,225,000 din.",Otvoreni,3/ decembar 2013,2,182,163-15-223-13 (163-52),
130,MUP 2013 Q4 ,6,,MUP,7008104,Conning DOO,Partija 1- Zimski pneumatici preko 14 coli za putnički program vozila,добра у области саобраћаја,,Dobra,"6,694,000 din.","7,500,000 din.",Otvoreni,9/ decembar 2013,4,181,7090-76/11,
131,MUP 2013 Q4 ,7,,MUP,7008104,Conning DOO,Partija 1- Zimski pneumatici preko 14 coli za putnički program vozila,добра у области саобраћаја,,Dobra,"11,040,000 din.","10,000,000 din.",Otvoreni,9/ decembar 2013,3,188,,
132,MUP 2013 Q4 ,8,,MUP,7008104,Conning DOO,Partija 3- Zimski pneumatici za teretni program vozila,добра у области саобраћаја,,Dobra,"11,005,000 din.","10,000,000 din.",Otvoreni,9/ decembar 2013,3,189,,
133,MUP 2013 Q4 ,9,,MUP,7008104,Trezor Vollga DOO,Nabavka ekstrata za gašenje požara,друга добра,,Dobra,"5,900,000 din.","5,932,000 din.",Otvoreni,13/ decembar 2013,3,193,,
134,MUP 2013 Q4 ,12,,MUP,7008104,Žitopek AD,Hleb i kore za pitu i gibanicu- odesk u Nišu 1,"храна, намирнице",,Dobra,"9,200,000 din.","10,000,000 din.",Otvoreni,19/ decembar 2013,5,204,,
135,MUP 2013 Q4 ,16,,MUP,7008104,Hleb AD,Hleb i kore za pitu i gibanicu- odesk u Beogradu sa Pančevom i Valjevom,"храна, намирнице",,Dobra,"6,221,000 din.","10,500,000 din.",Otvoreni,19/ decembar 2013,3,203,,
136,MUP 2013 Q4 ,17,,MUP,7008104,JP Srbijašume,Ogrevno drvo,друга добра,,Dobra,"15,835,000 din.","16,000,000 din.",Otvoreni,19/ decembar 2013,4,166,,
137,MUP 2013 Q4 ,18,,MUP,7008104,Gdi GIS-DATA,Nabavla licence GIS platforme,друга добра,,Dobra,"3,499,000 din.","3,500,000 din.",Pregovarački postupak čl.35.1.2,23/ decembar 2013,1,197,,
138,MUP 2014 Q1 ,1,,MUP,7008104,EWE Comp DOO,Nabavka rezervnih delova za računare i servere-partija 2- rezervni delovi za servere,потрошни материјал,,Dobra,"6,116,000 din.","8,000,000 din.",Otvoreni,13/ januar 2014,6,6,,
139,MUP 2014 Q1 ,2,,MUP,7008104,EWE Comp DOO,Rezervni delovi za računare i servere-partija 1- rezervni delovi za računarsku opremu,потрошни материјал,,Dobra,"18,477,000 din.","20,750,000 din.",Otvoreni,13/ januar 2014,6,5,,
140,MUP 2014 Q1 ,3,,MUP,7008104,ARUS SYSTEM DOO,Pružanje usluge tehničke podrške za BULL serverski sistem,услуге одржавања и поправке,,Usluge,"2,499,000 din.","2,500,000 din.",Pregovarački postupak čl.36.1.2 i  UJN br.404-02-699/13,16/ januar 2014,1,18,,
141,MUP 2014 Q1 ,4,,MUP,7008104,SOLE KOMERC DOO,"Nabavka uglja,partija 1- PU Beograd,Pančevo i Požarevac-205t",услуге у области енергетике,,Usluge,"1,899,000 din.","2,700,000 din.",Otvoreni,17/ januar 2014,3,9,,
142,MUP 2014 Q1 ,5,,MUP,7008104,SOLE KOMERC DOO,"Nabavka uglja,partija 3- PU Užice,Prijepolje i NC Jasenovo-320t",услуге у области енергетике,,Usluge,"2,884,000 din.","3,700,000 din.",Otvoreni,17/ januar 2014,3,11,,
143,MUP 2014 Q1 ,6,,MUP,7008104,SOLE KOMERC DOO,"Nabavka uglja,partija 5- PU Šabac -83t.",услуге у области енергетике,,Usluge,"755,000 din.","1,200,000 din.",Otvoreni,17/ januar 2014,3,12,,
144,MUP 2014 Q1 ,7,,MUP,7008104,SOLE KOMERC DOO,"Nabavka uglja,partija 2- PU Novi Sad,Sombor i Subotica -83t.",услуге у области енергетике,,Usluge,"818,000 din.","1,300,000 din.",Otvoreni,17/ januar 2014,2,10,,
145,MUP 2014 Q1 ,8,,MUP,7008104,Serbia Business System,Nabavka Enterprise licenci za Vmware sistem za virtuelizaciju,друге услуге,,Usluge,"9,484,000 din.","10,000,000 din.",Otvoreni,20/ januar 2014,3,14,,
146,MUP 2014 Q1 ,9,,MUP,7008104,Serbia Business System,Licence za TAM (IBM Tivoli access Manager for eBusiness),услуге у области енергетике,,Usluge,"3,500,000 din.","3,500,000 din.",Otvoreni,20/ januar 2014,1,15,,
147,MUP 2014 Q1 ,10,,MUP,7008104,NIS AD,Lož ulje,услуге у области енергетике,,Usluge,"277,496,000 din.","300,000,000 din.",Otvoreni,13/ februar 2014,1,36,,
148,MUP 2014 Q1 ,11,,MUP,7008104,MRG Export-Import DOO,Usluga servisiranja forenzičkih instrumenata,услуге одржавања и поправке,,Usluge,"1,500,000 din.","1,500,000 din.",Pregovarački postupak čl.36.1.2 i  UJN br.404-02-699/13,13/ februar 2014,1,33,,
149,MUP 2014 Q1 ,12,,MUP,7008104,MRG Export-Import DOO,Usluga servisisranja ABIS arsenala-balistički sistem,услуге одржавања и поправке,,Usluge,"1,000,000 din.","1,000,000 din.",Pregovarački postupak čl.36.1.2 i  UJN br.404-02-699/13,13/ februar 2014,1,32,,
150,MUP 2014 Q1 ,13,,MUP,7008104,MTT INFIZ DOO,Rezervni delovi za radare i protiv gradnu zaštitu,друга добра,,Dobra,"4,999,000 din.","5,000,000 din.",Otvoreni,13/ februar 2014,1,34,,
151,MUP 2014 Q1 ,15,,MUP,7008104,NAPREDAK AGP DOO,Podopasač,радна и заштитна одећа и опрема,,Dobra,"3,540,000 din.","3,600,000 din.",Otvoreni,18/ februar 2014,2,31,,
152,MUP 2014 Q1 ,16,,MUP,7008104,Imlek AD,Mleko pasterizovano i kiselomlečni proizvodi,"храна, намирнице",,Dobra,"12,494,000 din.","15,000,000 din.",Otvoreni,20/ februar 2014,2,46,,
153,MUP 2014 Q1 ,17,,MUP,7008104,BIMBO DOO,Stolarko-bravarski materijal partija 1-stolarki materijal,канцеларијска и друга опрема у објектима,,Dobra,"4,500,000 din.","4,500,000 din.",Otvoreni,21/ februar 2014,3,40,,
154,MUP 2014 Q1 ,18,,MUP,7008104,BIMBO DOO,Stolarko-bravarski materijal partija 2-bravarski materijal,канцеларијска и друга опрема у објектима,,Dobra,"5,000,000 din.","5,000,000 din.",Otvoreni,21/ februar 2014,3,41,,
155,MUP 2014 Q1 ,19,,MUP,7008104,KRUNA KOMERC DOO,"Mleko, dugotrajno mleko i mleko čokoladno","храна, намирнице",,Dobra,"15,643,000 din.","18,000,000 din.",Otvoreni,21/ februar 2014,2,47,,
156,MUP 2014 Q1 ,20,,MUP,7008104,IDI NINČIĆ DOO,Popravka autobusa i munibuseva partija 2- popravka minibuseva marke Ikarbus,услуге одржавања и поправке,,Usluge,"2,980,000 din.","3,300,000 din.",Otvoreni,24/ februar 2014,4,43,,
157,MUP 2014 Q1 ,21,,MUP,7008104,FIMAS DOO,Ugostiteljska oprema,"техничка опрема за обављање делатности (уређаји, машине, апарати, механизација и сл.)",,Dobra,"7,638,000 din.","9,000,000 din.",Otvoreni,27/ februar 2014,6,49,,
158,MUP 2014 Q1 ,23,,MUP,7008104,VIGOR DOO,"Amblemi i oznake partija 1-amblemi,značke Ministarstva i zastava RS",друга добра,,Dobra,"6,600,000 din.","9,750,000 din.",Otvoreni,3/ mart 2014,3,44,,
159,MUP 2014 Q1 ,24,,MUP,7008104,VIGOR DOO,"Amblemi, oznake partija 2-prezimena, činovi i epolete",радна и заштитна одећа и опрема,,Dobra,"49,200,000 din.","18,900,000 din.",Otvoreni,14/ mart 2014,3,56,,
160,MUP 2014 Q1 ,25,,MUP,7008104,FET DOO,Pasivna komunikaciona oprema,рачунарска опрема (хардверска и софтверска),,Dobra,"3,318,000 din.","5,000,000 din.",Otvoreni,20/ mart 2014,6,57,,
161,MUP 2014 Q2 ,2,,MUP,7008104,Beotelprom DOO,Potrošni materijal za mašine za kovertiranje identifikacionih dokumenata partija 2 nabavka koverti.,потрошни материјал,,Dobra,"1,000,000 din.","2,000,000 din.",Otvoreni,24/ april 2014,5,73,,
162,MUP 2014 Q2 ,3,,MUP,7008104,Open space solution DOO,Nabavka potrošnog materijala za mašine za kovertiranje identifikacionih dokumenata partija 3 nabavka dvostruko lepljive trake.,потрошни материјал,,Dobra ,"1,820,000 din.","2,000,000 din.",Otvoreni,28/ april 2014,2,77,,
163,MUP 2014 Q2 ,1,,MUP,7008104,ERICSONN DOO,Usluge godišnjeg održavanja PP mreže (ERICSSON),услуге одржавања и поправке,,Usluge,"4,797,000 din.","4,800,000 din.",Otvoreni,4/ april 2014,1,72,,
164,MUP 2014 Q3 ,1,,MUP,7008104,GEPARD,"Obućna oprema za uniformisani sastav UP,USP i UKP",радна и заштитна одећа и опрема,,Usluge,"45,950,000 din.","70,000,000 din.",Otvoreni,9/ jul 2014,4,16.4,,
165,MUP 2014 Q3 ,2,,MUP,7008104,Fibo DOO,"Odećna oprema za uniformisani sastav UP,USP i UKP",радна и заштитна одећа и опрема,,Usluge,"23,575,000 din.","942,500,000 din.",Otvoreni,10/ jul 2014,1,16.4,,
166,MUP 2014 Q3 ,3,,MUP,7008104,BIT IMPEX DOO,Održavanje NEXBIZ aplikacije,рачунарске и друге везане услуге,,Usluge,"5,750,000 din.","5,750,000 din.",Otvoreni,14/ jul 2014,1,8.1,,
167,MUP 2014 Q3 ,4,,MUP,7008104,Oblak tehnologije DOO,Rezervni delovi za računare i računarske komponenete,рачунарска опрема (хардверска и софтверска),,Dobra,"25,982,000 din.","30,000,000 din.",Otvoreni,15/ jul 2014,2,21.12,,
168,MUP 2014 Q3 ,5,,MUP,7008104,KEMOIPEX DOO,Pneumatici za standrdna i specijalna vozila,Друга добра,,Dobra,"3,252,000 din.","90,000,000 din.",Otvoreni,18/ jul 2014,6,19.3,,
169,MUP 2014 Q3 ,6,,MUP,7008104,KEMOIPEX DOO,Pneumatici za standrdna i specijalna vozila,Друга добра,,Dobra,"4,324,000 din.","90,000,000 din.",Otvoreni,18/ jul 2014,6,19.3,,
170,MUP 2014 Q3 ,11,,MUP,7008104,NATURAFRUITS DOO,"Odećna oprema za uniformisani sastav UP,USP i UKP",радна и заштитна одећа и опрема,,Dobra,"6,655,000 din.","942,500,000 din.",Otvoreni,22/ jul 2014,2,16.6,,
171,MUP 2014 Q3 ,12,,MUP,7008104,GENEX SYSTEM DOO,"Rezervni delovi, alati i potrošni materijal za redovno održavanje helikoptera",друга добра,,Dobra,"14,992,000 din.","38,000,000 din.",Otvoreni,13/ avgust 2014,1,21.6,,
172,MUP 2014 Q3 ,14,,MUP,7008104,EPS snabdevanje,Električna energija,услуге у области енергетике,,Usluge,"1,000,000,000 din.","1,000,000,000 din.",Otvoreni,15/ avgust 2014,1,1.4,,
173,MUP 2014 Q3 ,15,,MUP,7008104,Serbia Business System,Održavanje aplikacije za izdavanje ličnih karata i pasoša,услуге одржавања и поправке,,Usluge,"10,000,000 din.","10,000,000 din.",Otvoreni,18/ avgust 2014,1,119,,
174,MUP 2014 Q3 ,21,,MUP,7008104,VLATAKOM,Održavanje MCO TETRA,услуге одржавања и поправке,,Usluge,"17,820,000 din.","18,000,000 din.",Otvoreni,25/ avgust 2014,1,145,,
175,MUP 2014 Q3 ,23,,MUP,7008104,KRUNA KOMERC DOO,Proizvodi od mleka,"храна, намирнице",,Dobra,"22,187,000 din.","24,000,000 din.",Otvoreni,28/ avgust 2014,1,135,,
176,MUP 2014 Q3 ,24,,MUP,7008104,Industrija mesa TOPOLA,"Meso sveže,mast,trajne i polutrajne prerađivine od mesa","храна, намирнице",,Dobra,"129,685,000 din.","147,200,000 din.",Otvoreni,26/ avgust 2014,3,134,,
177,MUP 2014 Q3 ,39,,MUP,7008104,AD Neoplanta,Konzervirani mesni proizvodi i gotova jela,"храна, намирнице",,Dobra,"26,963,000 din.","31,666,000 din.",Otvoreni,29/ avgust 2014,2,142,,
178,MUP 2014 Q3 ,45,,MUP,7008104,Malex-City Copy Service DOO,Toneri za štampače partija 2 Lexmark,канцеларијска и друга опрема у објектима,,Dobra,"14,297,000 din.","14,400,000 din.",Otvoreni,3/ septembar 2014,9,147,,
179,MUP 2014 Q3 ,47,,MUP,7008104,Planinka promet,Meso pileće,"храна, намирнице",,Dobra,"13,984,000 din.","18,000,000 din.",Otvoreni,3/ septembar 2014,3,150,,
180,MUP 2014 Q3 ,48,,MUP,7008104,Proizvodnja Mile Dragić DOO,"Odećna oprema za uniformisani sastav UP,USP i UKP",радна и заштитна одећа и опрема,,Dobra,"923,870,000 din.","942,500,000 din.",Otvoreni,4/ septembar 2014,3,16.6,,
181,MUP 2014 Q3 ,50,,MUP,7008104,Jugotex,"Obućna oprema za uniformisani sastav UP,USP i UKP",радна и заштитна одећа и опрема,,Dobra,"43,220,000 din.","70,000,000 din.",Otvoreni,15/ septembar 2014,2,16.4,,
182,MUP 2014 Q3 ,53,,MUP,7008104,Dabicom DOO,Izgradnja objekta PS Ub-završna faza,општи радови на зградама у области ниске градње,,Radovi,"44,714,000 din.","65,000,000 din.",Otvoreni,17/ septembar 2014,6,166,,
183,MUP 2014 Q3 ,54,,MUP,7008104,Jugotex,"Obućna oprema za uniformisani sastav UP,USP i UKP",радна и заштитна одећа и опрема,,Dobra,"232,725,000 din.","70,000,000 din.",Otvoreni,18/ septembar 2014,4,16.4,,
184,MUP 2014 Q3 ,55,,MUP,7008104,Dreger tehnika DOO,"Popravka,održavanje,servisiranje,kalibracija i dodela državnog žiga za alkometre Dreger",услуге одржавања и поправке,,Usluge,"11,000,000 din.","11,000,000 din.",Otvoreni,25/ septembar 2014,1,15.19,,
185,MUP 2014 Q3 ,56,,MUP,7008104,Telix,"Popravka,održavanje,servisiranje,kalibracija i dodela državnog žiga za ručne radare",услуге одржавања и поправке,,Usluge,"10,000,000 din.","10,000,000 din.",Otvoreni,25/ septembar 2014,1,15.8,,
186,MUP 2014 Q3 ,57,,MUP,7008104,Triglav osiguranje,Osiguranje stada,"финансијске услуге: услуге осигурања, банкарске или инвестиционе услуге",,Usluge,"568,000 din.","1,356,000 din.",Otvoreni,26/ septembar 2014,7,3.5,,
187,MUP 2014 Q3 ,61,,MUP,7008104,GENEX SYSTEM DOO,"Popravka, servisiranje i remont vazduhoplova",услуге одржавања и поправке,,Usluge,"29,430,000 din.","41,000,000 din.",Otvoreni,30/ septembar 2014,1,15.3,,
188,MUP 2014 Q4 ,1,,MUP,7008104,Conning DOO,Pneumatici za standrdna i specijalna vozila-letnji pneumatici.-Partija 6 vodeći pogonski pneumatici za teretni program vozila i autobusa,Друга добра,,Dobra,"5,424,000 din.","9,000,000 din.",Otvoreni,2/ oktobar 2014,2,19.3,,
189,MUP 2014 Q4 ,3,,MUP,7008104,DDOR Novi Sad,"Osiguranje objekata i opreme, lica i stada.-Partija 1.- osiguranje objekata i opreme","финансијске услуге: услуге осигурања, банкарске или инвестиционе услуге",,Usluge,"5,995,000 din.","11,017,000 din.",Otvoreni,6/ oktobar 2014,7,3.3,,
190,MUP 2014 Q4 ,4,,MUP,7008104,DDOR Novi Sad,"Osiguranje objekata i opreme, lica i stada.-Partija 2.- osiguranje lica","финансијске услуге: услуге осигурања, банкарске или инвестиционе услуге",,Usluge,"13,190,000 din.","37,288,000 din.",Otvoreni,6/ oktobar 2014,6,3.1,,
191,MUP 2014 Q4 ,6,,MUP,7008104,VIVOGEN,Specijalizovani potrošni materijal-reagensi za DNK laboratoriju,Друга добра,,Dobra,"9,950,000 din.","9,950,000 din.",Otvoreni,13/ oktobar 2014,1,21.5,,
192,MUP 2014 Q4 ,7,,MUP,7008104,LABPRO,Laboratorijska oprema.-Radna stanica za automatsku izolaciju DNK-RNK,Друга добра,,Dobra,"2,999,000 din.","4,000,000 din.",Otvoreni,24/ oktobar 2014,2,24.1,,
193,MUP 2014 Q4 ,9,,MUP,7008104,KRUNIK,Obućna oprema.-Partija 2.- borbene patike-poluduboke (6000 pari),радна и заштитна одећа и опрема,,Dobra,"26,760,000 din.","31,800,000 din.",Otvoreni,18/ novembar 2014,5,19.3,,
194,MUP 2014 Q4 ,10,,MUP,7008104,KRUNIK,Nabavka obuće.-Partija 1.- terenske čizme (6000 pari),радна и заштитна одећа и опрема,,Dobra,"34,500,000 din.","42,000,000 din.",Otvoreni,18/ novembar 2014,5,192,,
195,MUP 2014 Q4 ,13,,MUP,7008104,SOLE KOMERC DOO,"Ugalj.- Ugalj mrki,garnulacija kocka 30-65 mm.-Partija 3.- PU Prijepolje i NC Jasenovo-205",услуге у области енергетике,,Usluge,"1,765,000 din.","3,000,000 din.",Otvoreni,26/ novembar 2014,2,1.2,,
196,MUP 2014 Q4 ,16,,MUP,7008104,GENEX SYSTEM DOO,"Rezervni delovi, alati za helikopter AB 212",друга добра,,Dobra,"14,995,000 din.","15,000,000 din.",Otvoreni,1/ decembar 2014,1,21.6,,
197,MUP 2014 Q4 ,17,,MUP,7008104,Nova trgovina DOO,Nabavka goriva Partija 3.-gorivo za potrebe PU Novi Pazar-PS Tutin,горива и мазива,,Dobra,"2,559,000 din.","2,750,000 din.",Otvoreni,2/ decembar 2014,1,19.1,,
198,MUP 2014 Q4 ,18,,MUP,7008104,Proizvodnja Mile Dragić DOO,"Zaštitna oprema za javni red i mir za pripadnike interventnih jedinica policije-Partija 1.- štitnici za ruke, štitnici za noge, zaštitni štit, viziri za interventni šlem ''Mile Dragić'' ili odgovarajući, i šrafovi za interventni šlem ''Mile Dragić''",радна и заштитна одећа и опрема,,Dobra,"15,462,000 din.","16,500,000 din.",Otvoreni,4/ decembar 2014,1,21.9,,
199,MUP 2014 Q4 ,19,,MUP,7008104,NIS AD,Nabavka goriva Partija 2.- gorivo na maloprodajnim objektima-eksterne pumpe,горива и мазива,,Dobra,"355,059,000 din.","415,500,000 din.",Otvoreni,4/ decembar 2014,1,19.1,,
200,MUP 2014 Q4 ,21,,MUP,7008104,GENS-COOP,benzin PU Novi Pazar-PS Sjenica,горива и мазива,,Dobra,"2,570,000 din.","2,750,000 din.",Otvoreni,9/ decembar 2014,1,19.1,,
201,MUP 2014 Q4 ,22,,MUP,7008104,NIS AD,Nabavka goriva Partija 1.- gorivo na internim pumpama MUP-a,горива и мазива,,Dobra,"190,296,000 din.","216,500,000 din.",Otvoreni,9/ decembar 2014,1,19.1,,
202,MUP 2014 Q4 ,23,,MUP,7008104,JP Srbijašume,Ogrevno drvo-tvrdi lišćari,услуге у области енергетике,,Dobra,"12,971,000 din.","16,000,000 din.",Otvoreni,10/ decembar 2014,1,1.1,,
203,MUP 2014 Q4 ,24,,MUP,7008104,Plus-Plus,hrana za službene pse,друга добра,,Dobra,"5,000,000 din.","5,000,000 din.",Otvoreni,12/ decembar 2014,3,17.1,,
204,MUP 2014 Q4 ,25,,MUP,7008104,Proizvodnja Mile Dragić DOO,Reparacija zaštitne opreme za javni red i mir za pripadnike interventnih jedinica policije,друге услуге,,Usluge,"10,000,000 din.","10,000,000 din.",Otvoreni,29/ decembar 2014,2,15.37,,
